name,price,type,interface,capacity,price_per_gb,color
Apricorn Aegis Fortress L3,12999,Portable,"USB Type-A 3.2 Gen 1, USB Type-C 3.2 Gen 1",20000,0.65,Black
Western Digital My Book Duo,1199.99,Desktop,"USB Type-A 3.2 Gen 1, USB Type-C 3.2 Gen 1",44000,0.027,Black
Western Digital ELEMENTS,59.99,Portable,USB Type-A 3.2 Gen 1,1000,0.06,
Western Digital WD_BLACK P10,116.25,Portable,USB Type-A 3.2 Gen 1,5000,0.023,Black
Sabrent Rocket XTRM-Q,,Desktop,USB Type-C 3.2 Gen 2,16000,,
Apricorn Aegis Fortress,1127.11,Portable,USB Type-A 3.2 Gen 1,4000,0.282,Black
Seagate Expansion,279.99,Desktop,USB Type-A 3.2 Gen 1,20000,0.014,Black
Western Digital My Book Duo,679.99,Desktop,"USB Type-A 3.2 Gen 1, USB Type-C 3.2 Gen 1",24000,0.028,Black
Western Digital My Passport,105.99,Portable,USB Type-A 3.2 Gen 1,4000,0.026,Black
Apricorn Aegis Fortress L3,1153.4,Portable,"USB Type-A 3.2 Gen 1, USB Type-C 3.2 Gen 1",4000,0.288,Black
Samsung T5 EVO Portable,445.41,Portable,USB Type-C 3.2 Gen 1,8000,0.056,Black
Samsung T9 Portable,315.99,Portable,USB Type-C 3.2 Gen 2x2,4000,0.079,Black
Verbatim Vx460,34.99,Portable,USB Type-A 3.2 Gen 1,128,0.273,Black
Western Digital ELEMENTS,169.99,Desktop,USB Type-A 3.2 Gen 1,8000,0.021,Black
Seagate Expansion,279.99,Desktop,USB Type-A 3.2 Gen 1,24000,0.012,Black
Crucial X10 Pro,279.99,Portable,USB Type-C 3.2 Gen 2x2,4000,0.07,Black
Western Digital My Book Duo,999.99,Desktop,"USB Type-A 3.2 Gen 1, USB Type-C 3.2 Gen 1",36000,0.028,Black
Corsair EX400U,,Portable,USB Type-C 4.0 Gen 3x2,4000,,Black
Samsung T7 Portable,89.63,Portable,USB Type-C 3.2 Gen 1,1000,0.09,Black / Silver
Seagate Backup Plus Portable,92.9,Portable,USB Type-A 3.2 Gen 1,4000,0.023,Black
SanDisk Extreme Portable V2,95.99,Portable,USB Type-C 3.2 Gen 1,1000,0.096,Black / Orange
Seagate Expansion,188.44,Desktop,USB Type-A 3.2 Gen 1,4000,0.047,
Western Digital WD_BLACK D10,189.99,Desktop,USB Type-A 3.2 Gen 2,8000,0.024,Black
Western Digital easystore,309.99,Desktop,USB Type-A 3.2 Gen 1,14000,0.022,Black
Western Digital My Passport,74.98,Portable,USB Type-A 3.2 Gen 1,2000,0.037,Black
Samsung T7 Shield,289.52,Portable,USB Type-C 3.2 Gen 2,4000,0.072,Black
Apricorn Padlock DT FIPS,1087.67,Desktop,USB Type-A 3.2 Gen 1,22000,0.049,Black
Seagate Expansion,319.99,Desktop,USB Type-A 3.2 Gen 1,18000,0.018,Black
SanDisk Extreme Portable V2,239.99,Portable,USB Type-C 3.2 Gen 1,4000,0.06,Black / Orange
Seagate Backup Plus Slim,79.98,Portable,USB Type-A 3.2 Gen 1,1000,0.08,Black
Samsung T5,292.64,Portable,USB Type-C 3.2 Gen 1,1000,0.293,
Western Digital WD_BLACK P10,113.88,Portable,USB Type-A 3.2 Gen 1,4000,0.028,Black
SanDisk Extreme Portable V2,134.99,Portable,USB Type-C 3.2 Gen 1,2000,0.067,Black / Orange
Crucial X9,199.99,Portable,USB Type-C 3.2 Gen 2,4000,0.05,Black
Western Digital My Passport,118.95,Portable,USB Type-A 3.2 Gen 1,5000,0.024,Black
SanDisk SDSSDT40-8T00-NA25,499.99,Desktop,USB Type-C 3.2 Gen 2,8000,0.062,Black
Western Digital My Passport,69.99,Portable,USB Type-A 3.2 Gen 1,2000,0.035,White
Samsung T7 Shield,149.99,Portable,USB Type-C 3.2 Gen 2,2000,0.075,Black
Western Digital My Passport,64.55,Portable,USB Type-A 3.2 Gen 1,1000,0.065,Black
Western Digital ELEMENTS,279.99,Desktop,USB Type-A 3.2 Gen 2,14000,0.02,Black
Western Digital ELEMENTS,219.99,Desktop,USB Type-A 3.2 Gen 1,10000,0.022,Black
Western Digital My Book,105,Desktop,USB Type-A 3.2 Gen 1,4000,0.026,Black
Seagate Expansion,218.88,Desktop,USB Type-A 3.2 Gen 1,8000,0.027,
Samsung T5 EVO Portable,132.99,Portable,USB Type-C 3.2 Gen 1,2000,0.066,Black
Western Digital WD_BLACK P10,139.99,Portable,USB Type-A 3.2 Gen 1,2000,0.07,Black
Western Digital easystore,249.99,Desktop,"USB Type-A 2.0, USB Type-A 3.2 Gen 1",12000,0.021,Black
SanDisk Professional PRO-Blade Transport,339.99,Portable,USB Type-C 3.2 Gen 2x2,4000,0.085,Black
Toshiba Canvio Basics 3.0,101,Portable,,2000,0.05,
Samsung T7 Portable,129.99,Portable,USB Type-C 3.2 Gen 1,2000,0.065,Black / Silver
ADATA DashDrive Durable HD650,66.31,Portable,USB Type-A 3.2 Gen 1,1000,0.066,
Western Digital WD_BLACK D10,289.99,Desktop,USB Type-A 3.2 Gen 2,12000,0.024,Black
Western Digital â€ŽWDBU6Y0050BBK-WESN,121.1,Portable,USB Type-A 3.2 Gen 1,5000,0.024,Black
Crucial X9 Pro,234.99,Portable,USB Type-C 3.2 Gen 2,4000,0.059,Silver
Western Digital My Passport,134.99,Portable,USB Type-A 3.2 Gen 1,5000,0.027,White
Apricorn Aegis Padlock DT,622.27,Desktop,USB Type-A 3.2 Gen 1,10000,0.062,Black
Crucial X9,109.99,Portable,USB Type-C 3.2 Gen 2,2000,0.055,Black
Corsair EX100U,279.99,Portable,USB Type-C 3.2 Gen 2x2,4000,0.07,Black
Western Digital My Passport,109.99,Portable,USB Type-A 3.2 Gen 1,4000,0.027,White
Seagate One Touch,102.66,Portable,USB Type-A 3.2 Gen 1,2000,0.051,Black
Western Digital ELEMENTS,,Portable,USB Type-A 3.2 Gen 1,2000,,
Crucial X6,99.99,Portable,USB Type-C 3.2 Gen 2,2000,0.05,Black
Western Digital ELEMENTS,259.99,Desktop,USB Type-A 3.2 Gen 1,12000,0.022,
KIOXIA EXCERIA PLUS,127.01,Portable,USB Type-C 3.2 Gen 2,500,0.254,Gray
Silicon Power PC60,,Portable,USB Type-C 3.2 Gen 2,512,,Black
Western Digital My Book Duo,469.99,Desktop,"USB Type-A 3.2 Gen 1, USB Type-C 3.2 Gen 1",16000,0.029,Black
Apricorn Aegis Fortress L3,4999,Portable,"USB Type-A 3.2 Gen 1, USB Type-C 3.2 Gen 1",16000,0.312,Black
Seagate Backup Plus Hub,249.99,Desktop,USB Type-A 3.2 Gen 2,8000,0.031,
Seagate Expansion,184.99,Portable,USB Type-A 3.2 Gen 1,5000,0.037,Black
Seagate Backup Plus,110,Portable,USB Type-A 3.2 Gen 1,1000,0.11,
Crucial X9,64.99,Portable,USB Type-C 3.2 Gen 2,1000,0.065,Black
Samsung T9 Portable,199.99,Portable,USB Type-C 3.2 Gen 2x2,2000,0.1,Black
Western Digital ELEMENTS,,Portable,USB Type-A 3.2 Gen 1,1000,,
TEAMGROUP M200,64.99,Portable,USB Type-C 3.2 Gen 2x2,500,0.13,Black
Kingston XS1000,74.98,Portable,USB Type-C 3.2 Gen 2,1000,0.075,Black
Crucial X6,69.98,Portable,USB Type-C 3.2 Gen 2,1000,0.07,Black
Samsung T5 EVO Portable,228.99,Portable,USB Type-C 3.2 Gen 1,4000,0.057,Black
Western Digital Elements Portable,114.99,Portable,USB Type-A 3.2 Gen 1,4000,0.029,Black
Western Digital easystore,449.99,Desktop,USB Type-A,20000,0.022,Black
Western Digital easystore,,Desktop,"USB Type-A 2.0, USB Type-A 3.2 Gen 1",16000,,Black
Seagate One Touch,120.99,Portable,USB Type-A 3.2 Gen 1,4000,0.03,Black
Crucial X10 Pro,171.99,Portable,USB Type-C 3.2 Gen 2x2,2000,0.086,Black
Seagate Backup Plus,,Portable,USB Type-A 3.2 Gen 1,2000,,
Western Digital My Book,169.99,Desktop,USB Type-A 3.2 Gen 1,8000,0.021,Black
Western Digital My Book,154,Desktop,USB Type-A 3.2 Gen 1,6000,0.026,Black
Western Digital My Passport,124.99,Portable,USB Type-A 3.2 Gen 1,4000,0.031,Blue
Apricorn Aegis Fortress,2769,Portable,USB Type-A 3.2 Gen 1,8000,0.346,Black
Samsung T9 Portable,114.99,Portable,USB Type-C 3.2 Gen 2x2,1000,0.115,Black
Seagate One Touch,399.99,Desktop,USB Type-A 3.2 Gen 1,18000,0.022,Black
Western Digital My Book,270,Desktop,USB Type-A 3.2 Gen 2,14000,0.019,Black
Corsair EX400U,,Portable,USB Type-C 4.0 Gen 3x2,2000,,Black
Silicon Power PC60,,Portable,USB Type-C 3.2 Gen 2,256,,Black
Western Digital easystore,389.99,Desktop,"USB Type-A 2.0, USB Type-A 3.2 Gen 1",18000,0.022,Black
Western Digital My Book Duo,589.99,Desktop,"USB Type-A 3.2 Gen 1, USB Type-C 3.2 Gen 1",20000,0.029,Black
Western Digital My Book Duo,898,Desktop,"USB Type-A 3.2 Gen 1, USB Type-C 3.2 Gen 1",8000,0.112,Black
Western Digital easystore,235.88,Desktop,USB Type-A 3.2 Gen 1,8000,0.029,
TEAMGROUP T-Create CinemaPr P31,299.99,Portable,USB Type-C 3.2 Gen 2x2,2000,0.15,Black
Kingston XS1000,119.99,Portable,USB Type-C 3.2 Gen 2,2000,0.06,Black
Seagate Backup Plus Portable,117.99,Portable,USB Type-A 3.2 Gen 1,5000,0.024,Black
Seagate One Touch,283.75,Desktop,USB Type-A 3.2 Gen 1,12000,0.024,Black
Toshiba Canvio Basics,101,Portable,USB Type-A 3.2 Gen 1,1000,0.101,
Apricorn Aegis Padlock DT,1279,Desktop,USB Type-A 3.2 Gen 1,22000,0.058,Black
Seagate One Touch,379.99,Desktop,USB Type-A 3.2 Gen 1,16000,0.024,Black
Western Digital My Passport,124.99,Portable,USB Type-A 3.2 Gen 1,4000,0.031,Red
Crucial X9 Pro,139.99,Portable,USB Type-C 3.2 Gen 2,2000,0.07,Silver
Seagate One Touch,278.19,Desktop,USB Type-A 3.2 Gen 1,10000,0.028,Black
Western Digital My Book Duo,789.99,Desktop,"USB Type-A 3.2 Gen 1, USB Type-C 3.2 Gen 1",28000,0.028,Black
Seagate One Touch,144.94,Portable,USB Type-A 3.2 Gen 1,5000,0.029,Black
Seagate Expansion,178.88,Desktop,USB Type-A 3.2 Gen 1,3000,0.06,
Seagate Expansion,,Desktop,USB Type-A 3.2 Gen 1,4000,,
Lexar ARMOR 700,289.99,Portable,USB Type-C 3.2 Gen 2x2,4000,0.072,Black
TEAMGROUP M200,,Portable,USB Type-C 3.2 Gen 2x2,8000,,Black
Apricorn Aegis Padlock 3.0,4949,Portable,USB Type-A 3.2 Gen 1,16000,0.309,Black
Apricorn Aegis Fortress,383.88,Portable,USB Type-A 3.2 Gen 1,1000,0.384,Black
Seagate Barracuda Fast,,Portable,USB Type-C,2000,,Black
Seagate Game Drive Xbox GamePass Edition,229,Portable,USB Type-A 3.2 Gen 1,4000,0.057,White
Western Digital My Book,,Desktop,USB Type-A 3.2 Gen 1,10000,,Black
Corsair EX100U,89.99,Portable,USB Type-C 3.2 Gen 2x2,1000,0.09,Black
Samsung T7 Shield,99.99,Portable,USB Type-C 3.2 Gen 2,1000,0.1,Black
Western Digital My Book,,Desktop,USB Type-A 3.2 Gen 1,6000,,
Western Digital WD_BLACK P50,299.99,Portable,USB Type-C 3.2 Gen 1,1000,0.3,Black / Silver
LaCie d2 Quadra,,Desktop,"IEEE 1394B 9-Pin, eSATA 3.0 Gb/s, USB Type-A 3.2 Gen 1",5000,,
Sabrent Rocket XTRM-Q,,Portable,USB Type-C 3.2 Gen 2,8000,,Black
Samsung T5,397.29,Portable,USB Type-C 3.2 Gen 1,2000,0.199,Black
Samsung T5,224,Portable,USB Type-C 3.2 Gen 1,500,0.448,
Integral SlimXpress Pro,,Portable,USB Type-C 3.2 Gen 2x2,4000,,Silver / Black
Seagate One Touch,255,Desktop,USB Type-A 3.2 Gen 1,8000,0.032,Black
Western Digital My Passport,84.99,Portable,USB Type-A 3.2 Gen 1,2000,0.042,Blue
Seagate Expansion,,Portable,USB Type-C 3.2 Gen 1,2000,,Black
Samsung T7 Portable,109.99,Portable,USB Type-C 3.2 Gen 1,1000,0.11,Blue / Silver
Seagate Expansion,359.95,Desktop,USB Type-A 3.2 Gen 1,16000,0.022,Black
Apricorn Padlock DT FIPS,899,Desktop,USB Type-A 3.2 Gen 1,18000,0.05,Black
Seagate STEB6000403,224.5,Desktop,USB Type-A 3.2 Gen 1,6000,0.037,Black
Apricorn ASSD-3PL256-120F,,Desktop,USB Type-A 2.0,120,,
Seagate Backup Plus,259.95,Desktop,USB Type-A 3.2 Gen 1,8000,0.032,
Sabrent Rocket XTRM-Q,,Portable,USB Type-C 3.2 Gen 2,4000,,Black
Apricorn Aegis Fortress L3,425.95,Portable,"USB Type-A 3.2 Gen 1, USB Type-C 3.2 Gen 1",5000,0.085,Black
Seagate Expansion,192.73,Portable,USB Type-C 3.2 Gen 1,1000,0.193,Black
Seagate One Touch,309.99,Portable,"USB Type-A 3.2 Gen 2, USB Type-C 3.2 Gen 2",2000,0.155,Blue
SanDisk G-DRIVE ArmorLock,,Portable,USB Type-C 3.2 Gen 1,4000,,Black / Yellow
Toshiba Canvio Connect,,Portable,USB Type-A 3.2 Gen 1,500,,
TEAMGROUP M200,109.99,Portable,USB Type-C 3.2 Gen 2x2,2000,0.055,Black
Kingston XS2000,269.99,Portable,USB Type-C 3.2 Gen 2x2,4000,0.067,Silver
Western Digital easystore,509.99,Desktop,USB Type-A,22000,0.023,Black
TEAMGROUP PD1000,56.99,Portable,USB Type-C 3.2 Gen 2,512,0.111,Teal
Corsair EX100U,147.99,Portable,USB Type-C 3.2 Gen 2x2,2000,0.074,Black
Western Digital My Passport,134.99,Portable,USB Type-A 3.2 Gen 1,5000,0.027,Red
Crucial X6,149.99,Portable,USB Type-C 3.2 Gen 2,500,0.3,Black
Kingston XS2000,149.99,Portable,USB Type-C 3.2 Gen 2x2,2000,0.075,Silver
Western Digital easystore,599.99,Desktop,USB Type-A 3.2 Gen 1,24000,0.025,Black
Seagate Expansion,249.95,Desktop,USB Type-A 3.2 Gen 1,5000,0.05,
Samsung T7 Shield,159.99,Portable,USB Type-C 3.2 Gen 2,2000,0.08,Blue
Western Digital My Passport,84.99,Portable,USB Type-A 3.2 Gen 1,2000,0.042,Red
Seagate Expansion,339.99,Desktop,USB Type-A 3.2 Gen 1,10000,0.034,Black
Silicon Power PC60,130.46,Portable,USB Type-C 3.2 Gen 2,2000,0.065,Black
Crucial X10 Pro,114,Portable,USB Type-C 3.2 Gen 2x2,1000,0.114,Black
Samsung T7 Portable,126.33,Portable,USB Type-C 3.2 Gen 1,500,0.253,Red / Silver
Western Digital My Passport Ultra Portable,149.99,Portable,USB Type-A 3.2 Gen 1,2000,0.075,
Seagate Backup Plus,239.95,Desktop,USB Type-A 3.2 Gen 1,6000,0.04,
Western Digital ELEMENTS,129.99,Desktop,USB Type-A 3.2 Gen 1,4000,0.032,
TEAMGROUP T-Create CinemaPr P31,499.99,Portable,USB Type-C 3.2 Gen 2x2,4000,0.125,Black
Lexar SL200,,Portable,USB Type-C 3.2 Gen 1,512,,Black
Sabrent Rocket XTRM-Q,,Portable,USB Type-C 3.2 Gen 2,1000,,Black
Apricorn Padlock SSD,1055.9,Portable,USB Type-A 3.2 Gen 1,4000,0.264,Black
Apricorn Aegis Fortress,198.56,Portable,USB Type-A 3.2 Gen 1,256,0.776,Black
Crucial X8,,Portable,"USB Type-A 3.2 Gen 1, USB Type-C 3.2 Gen 2",2000,,Black
Samsung T7 Portable,,Portable,USB Type-C 3.2 Gen 2,500,,Black
Seagate Backup Plus Ultra Touch,149.94,Portable,USB Type-A 3.2 Gen 1,2000,0.075,White
Asus FX HDD,,Portable,USB Type-A 3.2 Gen 2,2000,,Black
Western Digital WDBGPU0010BBK-NESN,,Portable,,1000,,
Transcend StoreJet,64.98,Portable,USB Type-A 3.2 Gen 1,1000,0.065,
Toshiba Canvio Slim II,101,Portable,USB Type-A 3.2 Gen 1,1000,0.101,
ADATA AHV620-500GU3-CBK,,Portable,USB Type-A 3.2 Gen 1,500,,
Western Digital ELEMENTS,,Portable,USB Type-A 3.2 Gen 1,500,,
TEAMGROUP PD1000,115.99,Portable,USB Type-C 3.2 Gen 2,2000,0.058,Teal
Kingston XS2000,59.99,Portable,USB Type-C 3.2 Gen 2x2,500,0.12,Silver
TEAMGROUP PD20 Eco Mini,122.99,Portable,USB Type-C,2000,0.061,White / Green
TEAMGROUP PD20 Eco Mini,70.98,Portable,USB Type-C,1000,0.071,White / Green
Western Digital easystore,175.99,Desktop,"USB Type-A 2.0, USB Type-A 3.2 Gen 1",8000,0.022,Black
Corsair EX400U,,Portable,USB Type-C 4.0 Gen 3x2,1000,,Black
SanDisk SDSSDT40-4T00-NA25,279.99,Desktop,USB Type-C 3.2 Gen 2,4000,0.07,Black
Seagate One Touch,133.1,Desktop,USB Type-A 3.2 Gen 1,4000,0.033,Black
Western Digital My Book,234,Desktop,USB Type-A 3.2 Gen 2,12000,0.019,Black
SanDisk Professional PRO-Blade Transport,219.99,Portable,USB Type-C 3.2 Gen 2x2,2000,0.11,Black
TEAMGROUP PD1000,72.98,Portable,USB Type-C 3.2 Gen 2,1000,0.073,Teal
Western Digital My Book,179,Desktop,USB Type-A 3.2 Gen 1,2000,0.089,
Silicon Power Bolt B75 Pro,,Portable,USB Type-C 3.2 Gen 2,1000,,Black
Sabrent Rocket Nano V2,349.99,Portable,USB Type-C 3.2 Gen 2x2,4000,0.087,Black
Samsung T7 Shield,99.99,Portable,USB Type-C 3.2 Gen 2,1000,0.1,Beige
Samsung T7 Portable,279,Portable,USB Type-C 3.2 Gen 2,2000,0.139,Black
Apricorn Aegis Padlock DT,1179,Desktop,USB Type-A 3.2 Gen 1,20000,0.059,Black
Apricorn Aegis Padlock DT,441.5,Desktop,USB Type-A 3.2 Gen 1,6000,0.074,Black
Seagate Backup Plus Hub,,Desktop,USB Type-A 3.2 Gen 1,14000,,Black
Seagate Expansion,329.95,Desktop,USB Type-A 3.2 Gen 1,14000,0.024,Black
Western Digital easystore,,Desktop,USB Type-A 3.2 Gen 2,10000,,Black
Western Digital My Book,,Desktop,USB Type-A 3.2 Gen 1,3000,,Black
G-Technology G-DRIVE,,Desktop,"IEEE 1394B 9-Pin, eSATA 6.0 Gb/s, USB Type-A 3.2 Gen 1",4000,,
Seagate Expansion,,Desktop,USB Type-A 3.2 Gen 1,2000,,
Toshiba Canvio Desk,,Desktop,USB Type-A 3.2 Gen 1,4000,,
Seagate FreeAgent GoFlex Desk,,Desktop,USB Type-A 2.0,1000,,
Western Digital ELEMENTS,,Desktop,USB Type-A 3.2 Gen 1,3000,,
Western Digital My Book,219.99,Desktop,USB Type-A 3.2 Gen 1,4000,0.055,
Western Digital My Book,199.98,Desktop,USB Type-A 3.2 Gen 1,3000,0.067,
Buffalo Technology DriveStation Duo,,Desktop,USB Type-A 3.2 Gen 1,8000,,
Buffalo Technology DriveStation Axis Velocity,,Desktop,USB Type-A 3.2 Gen 1,2000,,
TEAMGROUP M200,343.99,Portable,USB Type-C 3.2 Gen 2x2,4000,0.086,Black
Lexar SL500,177.9,Portable,USB Type-C 3.2 Gen 2x2,2000,0.089,Black
Lexar SL100 Pro,,Portable,USB Type-C 3.2 Gen 1,500,,Black
Lexar SL660 BLAZE,109.31,Portable,USB Type-C 3.2 Gen 2x2,1000,0.109,Black
Sabrent Rocket XTRM-Q,,Portable,USB Type-C 3.2 Gen 2,2000,,Black
Sabrent Rocket XTRM-Q,,Portable,USB Type-C 3.2 Gen 2,500,,Black
Apricorn Aegis Padlock 3.0,2662.5,Portable,USB Type-A 3.2 Gen 1,8000,0.333,Black
Apricorn Aegis Padlock 3.0,1267.5,Portable,USB Type-A 3.2 Gen 1,4000,0.317,Black
Apricorn Aegis Fortress,,Portable,USB Type-A 3.2 Gen 1,16000,,Black
Silicon Power Bolt B75,58.48,Portable,USB Type-C 3.2 Gen 1,480,0.122,Silver
Seagate Barracuda Fast,,Portable,USB Type-C,1000,,Black
Seagate One Touch,,Portable,USB Type-A 3.2 Gen 1,2000,,Red
Seagate One Touch,101,Portable,USB Type-A 3.2 Gen 1,1000,0.101,Silver
Seagate One Touch,124.74,Portable,"USB Type-A 3.2 Gen 2, USB Type-C 3.2 Gen 2",1000,0.125,Blue
Samsung T3 Portable,,Portable,USB Type-C 3.2 Gen 1,250,,
Sabrent ROCKET XTRM,,Portable,Thunderbolt,4000,,Silver
Apacer AS721,,Portable,USB Type-C 3.2 Gen 1,1000,,Black
Western Digital My Passport,69.98,Portable,USB Type-A 3.2 Gen 1,1000,0.07,Red
Western Digital My Passport,69.98,Portable,USB Type-A 3.2 Gen 1,1000,0.07,Blue
Western Digital My Passport,164.99,Portable,USB Type-A 3.2 Gen 1,4000,0.041,Black
Samsung T5,189.99,Portable,USB Type-C 3.2 Gen 1,250,0.76,Blue
Lenovo ThinkPad,,Portable,USB Type-A 3.2 Gen 1,1000,,
Western Digital ELEMENTS,159.99,Desktop,USB Type-A 3.2 Gen 1,6000,0.027,Black
Verbatim Titan XS,123.04,Portable,,1000,0.123,
Seagate One Touch,309.26,Desktop,USB Type-A 3.2 Gen 1,14000,0.022,Black
Samsung T7 Shield,159,Portable,USB Type-C 3.2 Gen 2,2000,0.08,Beige
Seagate One Touch,168.71,Desktop,USB Type-A 3.2 Gen 1,6000,0.028,Black
Seagate Backup Plus,,Portable,USB Type-A 3.2 Gen 1,4000,,
LaCie Rugged Mini,79.99,Portable,USB Type-A 3.2 Gen 1,1000,0.08,
Apricorn Padlock DT FIPS,1057.54,Desktop,USB Type-A 3.2 Gen 1,20000,0.053,Black
Seagate One Touch,88.98,Portable,"USB Type-A 3.2 Gen 2, USB Type-C 3.2 Gen 2",1000,0.089,Black
Samsung T7 Shield,99.99,Portable,USB Type-C 3.2 Gen 2,1000,0.1,Blue
Samsung T7 Portable,,Portable,USB Type-C 3.2 Gen 2,1000,,Black
Western Digital My Passport,67.99,Portable,USB Type-A 3.2 Gen 1,1000,0.068,White
Samsung T7 Portable,129.99,Portable,USB Type-C 3.2 Gen 1,2000,0.065,Blue / Silver
Buslink DL-4TSDU31G2,569.88,Portable,USB Type-A 3.2 Gen 2,4000,0.142,Black
Transcend StoreJet,91.99,Portable,USB Type-A 3.2 Gen 1,2000,0.046,
Apricorn Aegis Padlock,488,Portable,USB Type-A 3.2 Gen 1,128,3.812,
Seagate Backup Plus Slim,169.99,Portable,USB Type-A 3.2 Gen 1,2000,0.085,
Seagate Backup Plus,,Desktop,USB Type-A 3.2 Gen 1,4000,,Black
Western Digital easystore,,Desktop,USB Type-A 3.2 Gen 1,12000,,
Western Digital My Book Duo,,Desktop,"USB Type-A 3.2 Gen 1, USB Type-C 3.2 Gen 1",12000,,Black
Western Digital My Book Duo,,Desktop,"USB Type-A 3.2 Gen 1, USB Type-C 3.2 Gen 1",4000,,Black
Western Digital easystore,,Desktop,USB Type-A 3.2 Gen 1,4000,,Black
Seagate Backup Plus Hub,364.99,Desktop,USB Type-A 3.2 Gen 1,10000,0.036,Black
G-Technology G-DRIVE,,Desktop,"IEEE 1394B 9-Pin, eSATA 6.0 Gb/s, USB Type-A 3.2 Gen 1",2000,,
Toshiba Canvio Desk,,Desktop,USB Type-A 3.2 Gen 1,5000,,
Toshiba Canvio Desk,228.88,Desktop,USB Type-A 3.2 Gen 1,3000,0.076,
Toshiba Canvio Desk,,Desktop,USB Type-A 3.2 Gen 1,2000,,
Seagate Backup Plus,225.21,Desktop,USB Type-A 3.2 Gen 1,4000,0.056,
Seagate Backup Plus,199,Desktop,USB Type-A 3.2 Gen 1,3000,0.066,
Samsung D3 Station,,Desktop,USB Type-A 3.2 Gen 1,6000,,
Samsung D3 Station,,Desktop,USB Type-A 3.2 Gen 1,5000,,
Samsung D3 Station,,Desktop,USB Type-A 3.2 Gen 1,2000,,
Samsung D3 Station,,Desktop,,4000,,
LaCie 5big,,Desktop,Thunderbolt,25000,,
LaCie 4big Quadra,,Desktop,"IEEE 1394B 9-Pin, USB Type-A 3.2 Gen 1",16000,,
Western Digital My Book Thunderbolt Duo,,Desktop,Thunderbolt,4000,,
LaCie Minimus,,Desktop,USB Type-A 3.2 Gen 1,2000,,
Buffalo Technology DriveStation,,Desktop,Thunderbolt,512,,
TEAMGROUP PD20M Mag,78.29,Portable,USB Type-C 3.2 Gen 2,1000,0.078,Black
Sabrent Rocket Pro,,Portable,USB Type-C 3.2 Gen 2,1000,,Silver
Apricorn Aegis Fortress,769,Portable,USB Type-A 3.2 Gen 1,2000,0.385,Black
Apricorn NVX,538.39,Portable,USB Type-C 3.2 Gen 2,1000,0.538,Black
Apricorn Aegis Fortress L3,2799,Portable,"USB Type-A 3.2 Gen 1, USB Type-C 3.2 Gen 1",8000,0.35,Black
Apricorn Aegis Fortress L3,669.41,Portable,"USB Type-A 3.2 Gen 1, USB Type-C 3.2 Gen 1",2000,0.335,Black
Apricorn Aegis Fortress L3,,Portable,"USB Type-A 3.2 Gen 1, USB Type-C 3.2 Gen 1",512,,Black
Apricorn Aegis Fortress L3,236.19,Portable,"USB Type-A 3.2 Gen 1, USB Type-C 3.2 Gen 1",1000,0.236,Black
Apricorn Aegis Fortress L3,227.99,Portable,"USB Type-A 3.2 Gen 1, USB Type-C 3.2 Gen 1",500,0.456,Black
Silicon Power Bolt B75 Pro,,Portable,USB Type-C 3.2 Gen 2,256,,Black
Seagate Expansion,,Portable,USB Type-C 3.2 Gen 1,500,,Black
Sabrent Rocket Nano V2,99.99,Portable,USB Type-C 3.2 Gen 2x2,1000,0.1,Black
Sabrent Rocket Nano V2,169.99,Portable,USB Type-C 3.2 Gen 2x2,2000,0.085,Black
LaCie Rugged Mini,90.6,Portable,USB Type-A 3.2 Gen 1,2000,0.045,Orange / Silver
Crucial X8,,Portable,"USB Type-A 3.2 Gen 1, USB Type-C 3.2 Gen 2",1000,,Black
Western Digital My Passport For Mac,152.88,Portable,"USB Type-A 3.2 Gen 1, USB Type-C 3.2 Gen 1",1000,0.153,Black
Seagate One Touch,,Portable,USB Type-A 3.2 Gen 1,5000,,Gray
Seagate One Touch,209,Portable,USB Type-A 3.2 Gen 1,5000,0.042,Red
Seagate One Touch,127.99,Portable,USB Type-A 3.2 Gen 1,2000,0.064,Silver
Seagate One Touch,85.94,Portable,USB Type-A 3.2 Gen 1,1000,0.086,Black
Seagate One Touch,78.56,Portable,"USB Type-A 3.2 Gen 2, USB Type-C 3.2 Gen 2",500,0.157,Black
Samsung T3 Portable,,Portable,USB Type-C 3.2 Gen 1,500,,
Samsung T5 Portable,,Portable,USB Type-C 3.2 Gen 2,1000,,Gold
Western Digital My Passport Ultra,,Portable,USB Type-A 3.2 Gen 2,3000,,White
SanDisk Extreme Portable V2,89.99,Portable,USB Type-C 3.2 Gen 1,500,0.18,Black / Orange
Samsung T7 Portable,142.66,Portable,USB Type-C 3.2 Gen 1,1000,0.143,Red / Silver
Samsung T7 Portable,124.99,Portable,USB Type-C 3.2 Gen 1,500,0.25,Black / Silver
Seagate Backup Plus Ultra Touch,,Portable,USB Type-A 3.2 Gen 1,1000,,White
Seagate Backup Plus Portable,,Portable,USB Type-A 3.2 Gen 1,5000,,Black
Seagate Backup Plus Portable,,Portable,USB Type-A 3.2 Gen 1,5000,,Blue
ADATA SD600,,Portable,USB Type-A 3.2 Gen 1,512,,
Seagate STDR5000100,,Portable,,5000,,
Apricorn Padlock SSD,186.03,Portable,USB Type-A 3.2 Gen 1,240,0.775,Black
Western Digital My Passport,,Portable,USB Type-A 3.2 Gen 1,2000,,
Samsung T1,,Portable,USB Type-A 3.2 Gen 1,1000,,
Toshiba Canvio Connect,,Portable,USB Type-A 3.2 Gen 1,1000,,
Imation Apollo Expert,,Portable,USB Type-A 3.2 Gen 1,1000,,
ADATA AHV620-2TU3-CBK,,Portable,USB Type-A 3.2 Gen 1,2000,,
ADATA DashDrive Durable HD650,70.26,Portable,USB Type-A 3.2 Gen 1,1000,0.07,
ADATA CH11,60.9,Portable,USB Type-A 3.2 Gen 1,500,0.122,
Toshiba Canvio Basics 3.0,,Portable,USB Type-A 3.2 Gen 1,2000,,
HP HPHDD2E30500AS1-RBU,,Portable,USB Type-A 3.2 Gen 1,500,,
Seagate Backup Plus Slim,,Portable,USB Type-A 3.2 Gen 1,2000,,
Seagate Expansion,,Portable,USB Type-A 3.2 Gen 1,1000,,
Verbatim Store 'n' Go,,Portable,USB Type-A 3.2 Gen 1,256,,
Buffalo Technology MiniStation Extreme,,Portable,USB Type-A 3.2 Gen 1,500,,
Buffalo Technology MiniStation,,Portable,USB Type-A 3.2 Gen 1,1000,,
Silicon Power Bolt B75 Pro,,Portable,USB Type-C 3.2 Gen 2,4000,,Black
TEAMGROUP M200,79.98,Portable,USB Type-C 3.2 Gen 2x2,1000,0.08,Black
Crucial X6,289.99,Portable,USB Type-C 3.2 Gen 2,4000,0.072,Black
TEAMGROUP T-Create CinemaPr P31,199.99,Portable,USB Type-C 3.2 Gen 2x2,1000,0.2,Black
Silicon Power Bolt B75 Pro,,Portable,USB Type-C 3.2 Gen 2,2000,,Black
Kingston XS2000,92.99,Portable,USB Type-C 3.2 Gen 2x2,1000,0.093,Silver
Silicon Power PC60,75.48,Portable,USB Type-C 3.2 Gen 2,1000,0.075,Black
Crucial X9 Pro,97,Portable,USB Type-C 3.2 Gen 2,1000,0.097,Silver
KIOXIA EXCERIA PLUS,,Portable,USB Type-C 3.2 Gen 2,1000,,Gray
KIOXIA EXCERIA PLUS,162.41,Portable,USB Type-C 3.2 Gen 2,2000,0.081,Gray
Samsung T7 Portable,149.99,Portable,USB Type-C 3.2 Gen 1,500,0.3,Blue / Silver
Apricorn Aegis Padlock DT,299,Desktop,USB Type-A 3.2 Gen 1,4000,0.075,Black
Koss Kanguru Ultra,,Desktop,USB Type-C,2000,,Black
Apricorn Aegis Padlock DT,,Desktop,USB Type-A 3.2 Gen 1,1000,,
Seagate Backup Plus,189.99,Desktop,USB Type-A 3.2 Gen 1,5000,0.038,
Seagate Backup Plus,205.28,Desktop,USB Type-A 3.2 Gen 1,2000,0.103,
Western Digital My Book Studio,299.95,Desktop,"IEEE 1394B 9-Pin, USB Type-A 2.0",2000,0.15,
Integral SlimXpress,,Portable,USB Type-C 3.2 Gen 2,2000,,Black
Lexar Professional SL600,89.99,Portable,USB Type-C 3.2 Gen 2x2,1000,0.09,Black
Lexar Professional SL600,159.99,Portable,USB Type-C 3.2 Gen 2x2,2000,0.08,Black
Sabrent Rocket Nano Rugged,,Portable,USB Type-C 3.2 Gen 2,2000,,Silver
Sabrent Rocket Nano,229.99,Portable,USB Type-C 3.2 Gen 2,2000,0.115,Silver
Sabrent Rocket Nano,149.99,Portable,USB Type-C 3.2 Gen 2,1000,0.15,Pink
Sabrent Rocket Nano,79.99,Portable,USB Type-C 3.2 Gen 2,512,0.156,Silver
Apricorn Aegis Padlock 3.0,224,Portable,USB Type-A 3.2 Gen 1,2000,0.112,Black
Apricorn Aegis Fortress L3,292.99,Portable,"USB Type-A 3.2 Gen 1, USB Type-C 3.2 Gen 1",2000,0.146,Black
Silicon Power Bolt B75 Pro,,Portable,USB Type-C 3.2 Gen 2,512,,Black
Seagate One Touch,189,Portable,USB Type-A 3.2 Gen 1,4000,0.047,Silver
Seagate One Touch,149.99,Portable,"USB Type-A 3.2 Gen 2, USB Type-C 3.2 Gen 2",2000,0.075,Black
Western Digital My Passport,139.99,Portable,USB Type-A 3.2 Gen 1,5000,0.028,Blue
Apricorn Aegis Padlock Fortress,237.99,Portable,USB Type-A 3.2 Gen 1,2000,0.119,Black
SanDisk Extreme 900,,Portable,USB Type-A 3.2 Gen 2,480,,
Toshiba Canvio Slim II,106,Portable,,1000,0.106,
Transcend StoreJet,,Portable,USB Type-A 3.2 Gen 1,500,,
Apricorn Aegis Padlock DT,1079,Desktop,USB Type-A 3.2 Gen 1,18000,0.06,Black
Apricorn Aegis Padlock DT,779.99,Desktop,USB Type-A 3.2 Gen 1,16000,0.049,Black
Apricorn Aegis Padlock DT,752.53,Desktop,USB Type-A 3.2 Gen 1,12000,0.063,Black
Apricorn Aegis Padlock DT,526.45,Desktop,USB Type-A 3.2 Gen 1,8000,0.066,Black
Apricorn Padlock DT FIPS,799,Desktop,USB Type-A 3.2 Gen 1,16000,0.05,Black
Apricorn Padlock DT FIPS,783.99,Desktop,USB Type-A 3.2 Gen 1,12000,0.065,Black
Apricorn Padlock DT FIPS,622.27,Desktop,USB Type-A 3.2 Gen 1,10000,0.062,Black
Apricorn Padlock DT FIPS,629,Desktop,USB Type-A 3.2 Gen 1,8000,0.079,Black
Apricorn Padlock DT FIPS,473.42,Desktop,USB Type-A 3.2 Gen 1,6000,0.079,Black
Apricorn Padlock DT FIPS,327.99,Desktop,USB Type-A 3.2 Gen 1,4000,0.082,Black
Apricorn Padlock DT FIPS,204.94,Desktop,USB Type-A 3.2 Gen 1,2000,0.102,Black
LaCie Porsche Design,,Desktop,USB Type-A 3.2 Gen 1,2000,,Silver
LaCie Porsche Design,,Desktop,USB Type-A 3.2 Gen 1,1000,,Silver
Western Digital easystore,,Desktop,USB Type-A 3.2 Gen 1,14000,,
Verbatim 99399,,Desktop,USB Type-A 3.2 Gen 1,4000,,Black
Western Digital My Book Duo,,Desktop,"USB Type-A 3.2 Gen 1, USB Type-C 3.2 Gen 1",6000,,Black
G-Technology G-DRIVE,,Desktop,"IEEE 1394B 9-Pin, eSATA 6.0 Gb/s, USB Type-A 3.2 Gen 1",3000,,
Edge Tech EDGDG-236236-PE,,Desktop,USB Type-A 3.2 Gen 1,4000,,
Buslink CipherShield,,Desktop,USB Type-A 3.2 Gen 1,6000,,
LaCie Porsche Design,,Desktop,USB Type-A 3.2 Gen 1,8000,,
Transcend StoreJet 35T3,,Desktop,USB Type-A 3.2 Gen 1,2000,,
Transcend StoreJet 35T3,,Desktop,USB Type-A 3.2 Gen 1,3000,,
Imation Apollo Pro UX,,Desktop,USB Type-A 2.0,1000,,
Apricorn Aegis Padlock DT,,Desktop,USB Type-A 3.2 Gen 1,1000,,
Buslink CSC-2T-U3,,Desktop,USB Type-A 3.2 Gen 1,2000,,
Buslink CSC-1T-U2,,Desktop,USB Type-A 2.0,1000,,
Buslink CRF-2T-U2,,Desktop,USB Type-A 2.0,2000,,
Axiom USB3HD35S500-AX,,Desktop,,500,,
Axiom USB3HD35S3TB-AX,,Desktop,USB Type-A 3.2 Gen 1,3000,,
Axiom USB3HD35S2TB-AX,,Desktop,USB Type-A 3.2 Gen 1,2000,,
Axiom USB3HD35S250-AX,,Desktop,,250,,
Axiom USB3HD35S1TB-AX,,Desktop,USB Type-A 3.2 Gen 1,1000,,
Apricorn Aegis Padlock DT,182.43,Desktop,USB Type-A 3.2 Gen 1,2000,0.091,Black
Apricorn Aegis Padlock DT,,Desktop,USB Type-A 3.2 Gen 1,2000,,
Hitachi HGST Touro Desk Pro,,Desktop,USB Type-A 3.2 Gen 1,4000,,
Hitachi HGST Touro Desk,,Desktop,USB Type-A 3.2 Gen 1,4000,,
Seagate Backup Plus,259.99,Desktop,USB Type-A 3.2 Gen 1,3000,0.087,
Seagate Expansion,,Desktop,USB Type-A 3.2 Gen 1,5000,,
Samsung D3 Station,,Desktop,USB Type-A 3.2 Gen 1,4000,,
Samsung D3 Station,,Desktop,USB Type-A 3.2 Gen 1,3000,,
Samsung D3 Station,,Desktop,USB Type-A 3.2 Gen 1,3000,,
Samsung D3 Station,,Desktop,USB Type-A 3.2 Gen 1,2000,,
LaCie d2,,Desktop,"Thunderbolt, USB Type-A 3.2 Gen 1",4000,,
LaCie d2,,Desktop,"Thunderbolt, USB Type-A 3.2 Gen 1",3000,,
LaCie 2big,,Desktop,Thunderbolt,10000,,
LaCie 4big Quadra,,Desktop,"IEEE 1394B 9-Pin, USB Type-A 3.2 Gen 1",8000,,
LaCie Minimus,,Desktop,USB Type-A 3.2 Gen 1,3000,,
LaCie d2,,Desktop,"Thunderbolt, USB Type-A 3.2 Gen 1",6000,,
LaCie d2,,Desktop,"Thunderbolt, USB Type-A 3.2 Gen 1",5000,,
LaCie Porsche Design,,Desktop,USB Type-A 3.2 Gen 1,4000,,
LaCie 2big Quadra,,Desktop,"IEEE 1394B 9-Pin, USB Type-A 3.2 Gen 1",6000,,
LaCie d2,,Desktop,"Thunderbolt, USB Type-A 3.2 Gen 1",3000,,
LaCie 4big Quadra,,Desktop,"IEEE 1394B 9-Pin, USB Type-A 3.2 Gen 1",12000,,
LaCie Little Big Disk,,Desktop,Thunderbolt,1000,,
LaCie 2big Quadra,,Desktop,"IEEE 1394B 9-Pin, USB Type-A 3.2 Gen 1",4000,,
LaCie d2,,Desktop,"Thunderbolt, USB Type-A 3.2 Gen 1",4000,,
Western Digital My Book for Mac,,Desktop,USB Type-A 3.2 Gen 1,3000,,
Western Digital My Book for Mac,,Desktop,USB Type-A 3.2 Gen 1,2000,,
Western Digital ELEMENTS,249.78,Desktop,USB Type-A 3.2 Gen 1,5000,0.05,
Western Digital ELEMENTS,,Desktop,USB Type-A 3.2 Gen 1,2000,,
Western Digital My Book Studio,,Desktop,USB Type-A 3.2 Gen 1,4000,,
Western Digital My Book,,Desktop,USB Type-A 3.2 Gen 1,3000,,
Western Digital My Book Studio,,Desktop,"IEEE 1394B 9-Pin, USB Type-A 2.0",3000,,
Western Digital My Book Essential,179.99,Desktop,USB Type-A 3.2 Gen 1,1000,0.18,
LaCie Blade Runner,,Desktop,USB Type-A 3.2 Gen 1,4000,,
LaCie d2 Quadra,,Desktop,"IEEE 1394B 9-Pin, eSATA 3.0 Gb/s, USB Type-A 3.2 Gen 1",3000,,
LaCie d2 Quadra,,Desktop,"IEEE 1394B 9-Pin, eSATA 3.0 Gb/s, USB Type-A 3.2 Gen 1",2000,,
Buffalo Technology DriveStation,,Desktop,Thunderbolt,256,,
Buffalo Technology DriveStation,,Desktop,Thunderbolt,1000,,
Buffalo Technology DriveStation Duo,,Desktop,USB Type-A 3.2 Gen 1,6000,,
Buffalo Technology DriveStation Duo,,Desktop,USB Type-A 3.2 Gen 1,4000,,
Buffalo Technology DriveStation Duo,,Desktop,USB Type-A 3.2 Gen 1,2000,,
Buffalo Technology DriveStation Axis Velocity,,Desktop,USB Type-A 3.2 Gen 1,3000,,
Buffalo Technology DriveStation Axis Velocity,,Desktop,USB Type-A 3.2 Gen 1,1000,,
Buffalo Technology DriveStation,,Desktop,USB Type-A 3.2 Gen 1,4000,,
Buffalo Technology DriveStation,,Desktop,USB Type-A 3.2 Gen 1,3000,,
Buffalo Technology DriveStation Combo 4,,Desktop,"IEEE 1394A 6-Pin, IEEE 1394B 9-Pin, eSATA 3.0 Gb/s, USB Type-A 2.0",2000,,
Buffalo Technology DriveStation,,Desktop,"IEEE 1394A 6-Pin, IEEE 1394B 9-Pin, eSATA 3.0 Gb/s, USB Type-A 2.0",1000,,
Buffalo Technology DriveStation,,Desktop,USB Type-A 3.2 Gen 1,2000,,
Buffalo Technology DriveStation Axis,,Desktop,USB Type-A 3.2 Gen 1,1000,,
Integral SlimXpress,,Portable,USB Type-C 3.2 Gen 2,4000,,Black
Integral SlimXpress,,Portable,USB Type-C 3.2 Gen 2,1000,,Black
Integral SlimXpress,,Portable,USB Type-C 3.2 Gen 2,500,,Black
Integral SlimXpress Pro,,Portable,USB Type-C 3.2 Gen 2x2,2000,,Silver / Black
Integral SlimXpress Pro,,Portable,USB Type-C 3.2 Gen 2x2,1000,,Silver / Black
Integral SlimXpress Pro,,Portable,USB Type-C 3.2 Gen 2x2,500,,Silver / Black
TEAMGROUP PD20 Eco Mini,,Portable,USB Type-C,4000,,White / Green
Lexar ARMOR 700,215.36,Portable,USB Type-C 3.2 Gen 2x2,2000,0.108,Blue
Lexar ARMOR 700,179.99,Portable,USB Type-C 3.2 Gen 2x2,2000,0.09,Black
Lexar ARMOR 700,99.99,Portable,USB Type-C 3.2 Gen 2x2,1000,0.1,Black
TEAMGROUP M200,,Portable,USB Type-C 3.2 Gen 2x2,250,,Black
TEAMGROUP T-Create CinemaPr P31,,Portable,USB Type-C 3.2 Gen 2x2,4000,,Gray
TEAMGROUP T-Create CinemaPr P31,,Portable,USB Type-C 3.2 Gen 2x2,2000,,Gray
TEAMGROUP T-Create CinemaPr P31,,Portable,USB Type-C 3.2 Gen 2x2,1000,,Gray
Lexar SL500,131.44,Portable,USB Type-C 3.2 Gen 2x2,512,0.257,Black
Lexar SL500,114.15,Portable,USB Type-C 3.2 Gen 2x2,1000,0.114,Black
Lexar SL500,,Portable,USB Type-C 3.2 Gen 2x2,4000,,Black
Lexar Professional SL600,132.71,Portable,USB Type-C 3.2 Gen 2x2,512,0.259,Black
Lexar SL210,,Portable,USB Type-C 3.2 Gen 1,2000,,Black
Lexar SL210,,Portable,USB Type-C 3.2 Gen 1,1000,,Black
Lexar SL210,,Portable,USB Type-C 3.2 Gen 1,500,,Black
Lexar SL200,,Portable,USB Type-C 3.2 Gen 1,2000,,Black
Lexar SL200,,Portable,USB Type-C 3.2 Gen 1,1000,,Black
Lexar SL100 Pro,,Portable,USB Type-C 3.2 Gen 1,1000,,Black
Lexar SL660 BLAZE,,Portable,USB Type-C 3.2 Gen 2x2,512,,Black
TEAMGROUP PD20M Mag,150.99,Portable,USB Type-C 3.2 Gen 2,2000,0.075,Black
Sabrent Rocket nano XTRM,149.99,Portable,USB Type-C 3.2 Gen 2,1000,0.15,Black
Sabrent Rocket Pro,,Portable,USB Type-C 3.2 Gen 2,4000,,Silver
Sabrent Rocket Pro,,Portable,USB Type-C 3.2 Gen 2,2000,,Silver
Sabrent Rocket Pro,,Portable,USB Type-C 3.2 Gen 2,512,,Silver
Sabrent Rocket Pro,,Portable,USB Type-C 3.2 Gen 2,256,,Silver
Sabrent Rocket Nano Rugged,99.99,Portable,USB Type-C 3.2 Gen 2,1000,0.1,Silver
Sabrent Rocket Nano Rugged,137.72,Portable,USB Type-C 3.2 Gen 2,512,0.269,Silver
Sabrent Rocket Nano,249.99,Portable,USB Type-C 3.2 Gen 2,2000,0.125,Pink
Sabrent Rocket Nano,279.19,Portable,USB Type-C 3.2 Gen 2,2000,0.14,Red
Sabrent Rocket Nano,,Portable,USB Type-C 3.2 Gen 2,2000,,Blue
Sabrent Rocket Nano,,Portable,USB Type-C 3.2 Gen 2,2000,,Gold
Sabrent Rocket Nano,,Portable,USB Type-C 3.2 Gen 2,2000,,Black
Sabrent Rocket Nano,149.99,Portable,USB Type-C 3.2 Gen 2,1000,0.15,Red
Sabrent Rocket Nano,149.99,Portable,USB Type-C 3.2 Gen 2,1000,0.15,Blue
Sabrent Rocket Nano,109.49,Portable,USB Type-C 3.2 Gen 2,1000,0.109,Gold
Sabrent Rocket Nano,,Portable,USB Type-C 3.2 Gen 2,1000,,Black
Sabrent Rocket Nano,124.99,Portable,USB Type-C 3.2 Gen 2,1000,0.125,Silver
Sabrent Rocket Nano,109.99,Portable,USB Type-C 3.2 Gen 2,512,0.215,Pink
Sabrent Rocket Nano,109.99,Portable,USB Type-C 3.2 Gen 2,512,0.215,Red
Sabrent Rocket Nano,109.42,Portable,USB Type-C 3.2 Gen 2,512,0.214,Blue
Sabrent Rocket Nano,99.99,Portable,USB Type-C 3.2 Gen 2,512,0.195,Gold
Sabrent Rocket Nano,,Portable,USB Type-C 3.2 Gen 2,512,,Black
SanDisk Professional PRO-Blade Transport,159.99,Portable,USB Type-C 3.2 Gen 2x2,1000,0.16,Black
Apricorn Padlock SSD,616.59,Portable,USB Type-A 3.2 Gen 1,2000,0.308,Black
Apricorn Padlock SSD,430.99,Portable,USB Type-A 3.2 Gen 1,1000,0.431,Black
Apricorn Aegis Padlock 3.0,724.95,Portable,USB Type-A 3.2 Gen 1,2000,0.362,Black
Apricorn Aegis Padlock 3.0,,Portable,USB Type-A 3.2 Gen 1,1000,,Black
Apricorn Aegis Padlock 3.0,289,Portable,USB Type-A 3.2 Gen 1,512,0.564,Black
Apricorn Aegis Padlock 3.0,177.99,Portable,USB Type-A 3.2 Gen 1,256,0.695,Black
Apricorn Aegis Padlock 3.0,196.99,Portable,USB Type-A 3.2 Gen 1,1000,0.197,Black
Apricorn NVX,,Portable,USB Type-C 3.2 Gen 2,2000,,Black
Apricorn NVX,307.73,Portable,USB Type-C 3.2 Gen 2,500,0.615,Black
Apricorn Aegis Fortress L3,414.11,Portable,"USB Type-A 3.2 Gen 1, USB Type-C 3.2 Gen 1",1000,0.414,Black
Apricorn Aegis Fortress L3,395.51,Portable,"USB Type-A 3.2 Gen 1, USB Type-C 3.2 Gen 1",4000,0.099,Black
VisionTek 901378,,Portable,USB Type-C,8000,,Black
VisionTek 901377,,Portable,USB Type-C,4000,,Black
VisionTek 901196,,Portable,USB Type-C,1000,,Black
VisionTek 901195,,Portable,USB Type-C,512,,Black
Silicon Power Stream S05,,Portable,USB Type-A 3.2 Gen 1,1000,,Black
Silicon Power Stream S05,,Portable,USB Type-A 3.2 Gen 1,2000,,Black
Silicon Power Stream S05,,Portable,USB Type-A 3.2 Gen 1,4000,,Black
Silicon Power Stream S05,,Portable,USB Type-A 3.2 Gen 1,5000,,Black
Silicon Power Bolt B75,,Portable,USB Type-C 3.2 Gen 1,120,,Silver
Silicon Power Bolt B75,,Portable,USB Type-C 3.2 Gen 1,128,,Silver
Silicon Power Bolt B75,,Portable,USB Type-C 3.2 Gen 1,240,,Silver
Silicon Power Bolt B75,,Portable,USB Type-C 3.2 Gen 1,256,,Silver
Silicon Power Bolt B75,,Portable,USB Type-C 3.2 Gen 1,512,,Silver
Silicon Power Bolt B75,227.16,Portable,USB Type-C 3.2 Gen 1,960,0.237,Silver
Silicon Power Bolt B75,,Portable,USB Type-C 3.2 Gen 1,1000,,Silver
Silicon Power Bolt B75,,Portable,USB Type-C 3.2 Gen 1,2000,,Silver
Silicon Power Bolt B75,,Portable,USB Type-C 3.2 Gen 1,4000,,Silver
Silicon Power PC60,,Portable,USB Type-C 3.2 Gen 2,240,,Black
Silicon Power PC60,,Portable,USB Type-C 3.2 Gen 2,480,,Black
Silicon Power PC60,132.03,Portable,USB Type-C 3.2 Gen 2,960,0.138,Black
Silicon Power PC60,,Portable,USB Type-C 3.2 Gen 2,1920,,Black
Silicon Power PC60,,Portable,USB Type-C 3.2 Gen 2,4000,,Black
Toshiba Canvio Connect II,108.95,Portable,USB Type-A 3.2 Gen 1,1000,0.109,Black
Seagate Barracuda Fast,,Portable,USB Type-C,500,,Black
Verbatim Vx460,,Portable,USB Type-A 3.2 Gen 1,256,,Black
Verbatim Vx460,,Portable,USB Type-A 3.2 Gen 1,512,,Black
Crucial X8,,Portable,"USB Type-A 3.2 Gen 1, USB Type-C 3.2 Gen 2",500,,Black
Seagate One Touch,,Portable,USB Type-A 3.2 Gen 1,5000,,Blue
Seagate One Touch,,Portable,USB Type-A 3.2 Gen 1,5000,,Silver
Seagate One Touch,,Portable,USB Type-A 3.2 Gen 1,4000,,Gray
Seagate One Touch,,Portable,USB Type-A 3.2 Gen 1,4000,,Red
Seagate One Touch,,Portable,USB Type-A 3.2 Gen 1,4000,,Blue
Seagate One Touch,,Portable,USB Type-A 3.2 Gen 1,2000,,
Seagate One Touch,119,Portable,USB Type-A 3.2 Gen 1,2000,0.06,Gray
Seagate One Touch,,Portable,USB Type-A 3.2 Gen 1,2000,,Blue
Seagate One Touch,109.99,Portable,USB Type-A 3.2 Gen 1,1000,0.11,Gray
Seagate One Touch,,Portable,USB Type-A 3.2 Gen 1,1000,,Red
Seagate One Touch,,Portable,USB Type-A 3.2 Gen 1,1000,,Blue
Seagate One Touch,,Portable,"USB Type-A 3.2 Gen 2, USB Type-C 3.2 Gen 2",500,,Silver
Seagate One Touch,,Portable,"USB Type-A 3.2 Gen 2, USB Type-C 3.2 Gen 2",500,,Blue
Seagate One Touch,134,Portable,"USB Type-A 3.2 Gen 2, USB Type-C 3.2 Gen 2",1000,0.134,Silver
Seagate One Touch,309.99,Portable,"USB Type-A 3.2 Gen 2, USB Type-C 3.2 Gen 2",2000,0.155,Silver
Samsung T3 Portable,,Portable,USB Type-C 3.2 Gen 1,2000,,
Samsung T3 Portable,,Portable,USB Type-C 3.2 Gen 1,1000,,
Samsung T5 Portable,,Portable,USB Type-C 3.2 Gen 2,500,,Gold
Samsung T5 Portable,,Portable,USB Type-C 3.2 Gen 2,500,,Red
Samsung T5 Portable,,Portable,USB Type-C 3.2 Gen 2,1000,,Red
Samsung T7 Portable,,Portable,USB Type-C 3.2 Gen 2,1000,,Silver
Samsung T7 Portable,289.99,Portable,USB Type-C 3.2 Gen 2,2000,0.145,Silver
Samsung T7 Portable,104.99,Portable,USB Type-C 3.2 Gen 2,500,0.21,Silver
SanDisk G-DRIVE ArmorLock,,Portable,USB Type-C 3.2 Gen 1,2000,,Black / Yellow
SanDisk G-DRIVE ArmorLock,,Portable,USB Type-C 3.2 Gen 1,1000,,Black / Yellow
Apacer AS721,,Portable,USB Type-C 3.2 Gen 1,500,,Black
Apacer AS721,,Portable,USB Type-C 3.2 Gen 1,250,,Black
Apacer AS722,,Portable,USB Type-C 3.2 Gen 1,1000,,Black
Apacer AS722,,Portable,USB Type-C 3.2 Gen 1,512,,Black
Seagate Backup Plus Portable,,Portable,USB Type-A 3.2 Gen 1,5000,,Black
Samsung T7 Portable,269,Portable,USB Type-C 3.2 Gen 1,2000,0.134,Red / Silver
Western Digital G-DRIVE Mobile,,Portable,USB Type-C 3.2 Gen 1,1000,,Silver
Western Digital G-DRIVE Mobile,,Portable,USB Type-C 3.2 Gen 1,2000,,Silver
Western Digital G-DRIVE Mobile,,Portable,USB Type-C 3.2 Gen 1,2000,,Silver
Western Digital G-DRIVE ev RaW,,Portable,"USB Type-A 2.0, USB Type-A 3.2 Gen 1",2000,,Silver
Western Digital G-DRIVE Mobile,,Portable,"USB Type-A 2.0, USB Type-C 3.2 Gen 1",4000,,Silver
Seagate Backup Plus Ultra Touch,,Portable,USB Type-A 3.2 Gen 1,2000,,Black
Seagate Backup Plus Ultra Touch,,Portable,USB Type-A 3.2 Gen 1,1000,,Black
Seagate Backup Plus Portable,,Portable,USB Type-A 3.2 Gen 1,5000,,Blue / White
Seagate Backup Plus Portable,,Portable,USB Type-A 3.2 Gen 1,4000,,Blue / White
Apricorn Aegis Fortress,294.99,Portable,USB Type-A 3.2 Gen 1,512,0.576,Black
Apricorn Aegis Padlock DT,,Portable,USB Type-A 3.2 Gen 1,14000,,Black
Buffalo Technology Americas MiniStation,,Portable,USB Type-A 3.2 Gen 1,1000,,Black
Apricorn Apricorn Aegis Padlock,,Portable,USB Type-A 3.2 Gen 1,128,,Black
Buffalo Technology Americas MiniStation,,Portable,USB Type-A 3.2 Gen 1,2000,,Black
Asus FX HDD,,Portable,USB Type-A 3.2 Gen 2,1000,,Black
Seagate Backup Plus Portable,,Portable,USB Type-A 3.2 Gen 1,5000,,Silver
Freecom Mobile Drive Classic 3.0,,Portable,USB Type-A 3.2 Gen 1,1000,,Black
ADATA SE730,,Portable,USB Type-C 3.2 Gen 1,250,,
ADATA SD700,,Portable,USB Type-A 3.2 Gen 1,512,,
ADATA SD700,,Portable,USB Type-A 3.2 Gen 1,512,,
ADATA SD700,,Portable,USB Type-A 3.2 Gen 1,256,,
ADATA SD700,170.02,Portable,USB Type-A 3.2 Gen 1,256,0.664,
ADATA SD700,,Portable,USB Type-A 3.2 Gen 1,1000,,
ADATA SD600,,Portable,USB Type-A 3.2 Gen 1,512,,
ADATA SD600,,Portable,USB Type-A 3.2 Gen 1,256,,
ADATA SD600,,Portable,USB Type-A 3.2 Gen 1,256,,
SanDisk Extreme 900,155.97,Portable,USB Type-A 3.2 Gen 2,960,0.162,
SanDisk Extreme 900,,Portable,USB Type-A 3.2 Gen 2,1920,,
Apricorn Padlock SSD,262.12,Portable,USB Type-A 3.2 Gen 1,480,0.546,Black
Transcend StoreJet,79.99,Portable,USB Type-A 3.2 Gen 1,1000,0.08,
Transcend TS128GSJC10K,,Portable,USB Type-A 3.2 Gen 1,128,,
Transcend TS128GESD200K,,Portable,USB Type-A 3.2 Gen 1,128,,
Lenovo ThinkPad,287.95,Portable,USB Type-A 3.2 Gen 1,500,0.576,
Lenovo ThinkPad,,Portable,USB Type-A 3.2 Gen 1,750,,
Toshiba Canvio Slim II,105,Portable,USB Type-A 3.2 Gen 1,1000,0.105,
Toshiba Canvio Connect,,Portable,USB Type-A 3.2 Gen 1,2000,,
Toshiba Canvio Connect,,Portable,USB Type-A 3.2 Gen 1,2000,,
Toshiba Canvio Connect,,Portable,USB Type-A 3.2 Gen 1,2000,,
Toshiba Canvio Connect,,Portable,USB Type-A 3.2 Gen 1,2000,,
Toshiba Canvio Connect,,Portable,USB Type-A 3.2 Gen 1,2000,,
Toshiba Canvio Connect,,Portable,USB Type-A 3.2 Gen 1,1500,,
Toshiba Canvio Connect,,Portable,USB Type-A 3.2 Gen 1,1500,,
Toshiba Canvio Connect,,Portable,USB Type-A 3.2 Gen 1,1500,,
Toshiba Canvio Connect,,Portable,USB Type-A 3.2 Gen 1,1500,,
Toshiba Canvio Connect,,Portable,USB Type-A 3.2 Gen 1,1500,,
Toshiba Canvio Connect,,Portable,USB Type-A 3.2 Gen 1,1000,,
Toshiba Canvio Connect,,Portable,USB Type-A 3.2 Gen 1,1000,,
Toshiba Canvio Connect,,Portable,USB Type-A 3.2 Gen 1,1000,,
Toshiba Canvio Connect,,Portable,USB Type-A 3.2 Gen 1,1000,,
Toshiba Canvio Connect,,Portable,USB Type-A 3.2 Gen 1,750,,
Toshiba Canvio Connect,,Portable,USB Type-A 3.2 Gen 1,750,,
Toshiba Canvio Connect,,Portable,USB Type-A 3.2 Gen 1,750,,
Toshiba Canvio Connect,,Portable,USB Type-A 3.2 Gen 1,750,,
Toshiba Canvio Connect,,Portable,USB Type-A 3.2 Gen 1,750,,
Toshiba Canvio Connect,,Portable,USB Type-A 3.2 Gen 1,500,,
Toshiba Canvio Connect,,Portable,USB Type-A 3.2 Gen 1,500,,
Toshiba Canvio Connect,,Portable,USB Type-A 3.2 Gen 1,500,,
Toshiba Canvio Connect,,Portable,USB Type-A 3.2 Gen 1,500,,
Transcend StoreJet,,Portable,USB Type-A 2.0,500,,
Transcend StoreJet,,Portable,USB Type-A 2.0,500,,
Transcend StoreJet,,Portable,USB Type-A 2.0,750,,
Axiom Mobile-D,,Portable,USB Type-A 3.2 Gen 1,500,,
Axiom Mobile-D,,Portable,USB Type-A 3.2 Gen 1,320,,
Axiom Mobile-D,,Portable,USB Type-A 3.2 Gen 1,250,,
Axiom Mobile-D,,Portable,USB Type-A 3.2 Gen 1,750,,
Axiom Mobile-D,,Portable,USB Type-A 3.2 Gen 1,500,,
Axiom Mobile-D,,Portable,USB Type-A 3.2 Gen 1,320,,
Axiom Mobile-D,,Portable,USB Type-A 3.2 Gen 1,250,,
Axiom Mobile-D,,Portable,USB Type-A 3.2 Gen 1,1000,,
Apricorn Aegis Padlock,,Portable,"eSATA 3.0 Gb/s, USB Type-A 2.0",1000,,
Apricorn Aegis Padlock,,Portable,,500,,
Apricorn Aegis Padlock,,Portable,USB Type-A 2.0,320,,
Apricorn Aegis Padlock,,Portable,USB Type-A 2.0,1000,,
Apricorn Aegis Padlock,,Portable,USB Type-A 2.0,1000,,
Apricorn Aegis Portable 3.0,,Portable,USB Type-A 3.2 Gen 1,500,,
Apricorn Aegis Portable 3.0,,Portable,USB Type-A 3.2 Gen 1,1000,,
Apricorn Aegis Padlock Fortress,168.45,Portable,USB Type-A 3.2 Gen 1,500,0.337,
Apricorn Aegis Padlock 3.0,153.88,Portable,USB Type-A 3.2 Gen 1,500,0.308,Black
Apricorn Aegis Padlock Fortress,,Portable,USB Type-A 3.2 Gen 1,500,,
Apricorn Aegis Padlock Fortress,199,Portable,USB Type-A 3.2 Gen 1,1000,0.199,
Apricorn Aegis Padlock,,Portable,USB Type-A 3.2 Gen 1,500,,
Apricorn Aegis Padlock,,Portable,USB Type-A 3.2 Gen 1,1000,,
Apricorn Aegis Bio 3.0,,Portable,USB Type-A 3.2 Gen 1,512,,
Apricorn Aegis Bio,,Portable,USB Type-A 3.2 Gen 1,1000,,
ADATA SH14,,Portable,USB Type-A 3.2 Gen 1,1000,,
ADATA DashDrive SE720,,Portable,USB Type-A 3.2 Gen 1,128,,
Hitachi HGST Touro Mobile Pro,,Portable,USB Type-A 3.2 Gen 1,1000,,
Hitachi HGST Touro Mobile,,Portable,USB Type-A 3.2 Gen 1,1000,,
Hitachi HGST Touro Mobile,,Portable,USB Type-A 3.2 Gen 1,500,,
Hitachi GST Touro Mobile Pro,,Portable,USB Type-A 3.2 Gen 1,500,,
Seagate Backup Plus Slim,,Portable,USB Type-A 3.2 Gen 1,2000,,
Seagate Backup Plus Slim,,Portable,USB Type-A 3.2 Gen 1,2000,,
Seagate Backup Plus Slim,,Portable,USB Type-A 3.2 Gen 1,2000,,
Seagate Backup Plus,,Portable,USB Type-A 3.2 Gen 1,1000,,
Seagate GoFlex for Mac,,Portable,Thunderbolt,1000,,
Samsung MU-PS500B/AM,,Portable,USB Type-A 3.2 Gen 1,500,,
Samsung MU-PS250B/AM,,Portable,USB Type-A 3.2 Gen 1,250,,
Samsung P3 Portable,,Portable,USB Type-A 3.2 Gen 1,2000,,
Samsung P3,,Portable,USB Type-A 3.2 Gen 1,1000,,
Samsung P3,,Portable,USB Type-A 3.2 Gen 1,500,,
Verbatim 97806,,Portable,USB Type-A 3.2 Gen 1,1000,,
Verbatim 97805,,Portable,USB Type-A 3.2 Gen 1,500,,
Verbatim Freecom,,Portable,USB Type-A 3.2 Gen 1,1000,,
Verbatim Freecom,,Portable,USB Type-A 3.2 Gen 1,1000,,
Verbatim Store 'n' Go,,Portable,USB Type-A 3.2 Gen 1,128,,
LaCie Porsche Design,,Portable,,250,,
LaCie Rugged,,Portable,"Thunderbolt, USB Type-A 3.2 Gen 1",256,,
LaCie Porsche Design,,Portable,USB Type-A 3.2 Gen 1,120,,
LaCie Little Big Disk,,Portable,Thunderbolt,512,,
LaCie Rugged,,Portable,"Thunderbolt, USB Type-A 3.2 Gen 1",2000,,
LaCie Rugged,,Portable,"Thunderbolt, USB Type-A 3.2 Gen 1",1000,,
LaCie Rugged,,Portable,"Thunderbolt, USB Type-A 3.2 Gen 1",120,,
LaCie Rugged Mini,,Portable,USB Type-A 3.2 Gen 1,1500,,
Western Digital My Passport,,Portable,USB Type-A 3.2 Gen 1,2000,,
Western Digital My Passport Air,,Portable,USB Type-A 3.2 Gen 1,1000,,
Western Digital ELEMENTS,,Portable,USB Type-A 3.2 Gen 1,1500,,
Western Digital My Passport Studio,,Portable,"IEEE 1394B 9-Pin, USB Type-A 2.0",2000,,
Western Digital My Passport Slim,,Portable,USB Type-A 3.2 Gen 1,1000,,
Western Digital My Passport Studio,,Portable,"IEEE 1394B 9-Pin, USB Type-A 2.0",1000,,
Western Digital My Passport Air,,Portable,USB Type-A 3.2 Gen 1,500,,
LaCie Porsche Design,,Portable,USB Type-A 3.2 Gen 1,1000,,
LaCie Porsche Design,,Portable,USB Type-A 3.2 Gen 1,500,,
LaCie Rugged,,Portable,"IEEE 1394B 9-Pin, USB Type-A 3.2 Gen 1",1000,,
LaCie Rugged,,Portable,"IEEE 1394B 9-Pin, USB Type-A 3.2 Gen 1",500,,
LaCie Rugged,,Portable,"IEEE 1394B 9-Pin, USB Type-A 3.2 Gen 1",500,,
LaCie Rikiki,,Portable,USB Type-A 3.2 Gen 1,500,,
LaCie Rugged Mini,,Portable,USB Type-A 3.2 Gen 1,500,,
LaCie Rugged Mini,,Portable,USB Type-A 3.2 Gen 1,500,,
Buffalo Technology MiniStation Extreme,,Portable,USB Type-A 3.2 Gen 1,500,,
Buffalo Technology MiniStation Extreme,,Portable,USB Type-A 3.2 Gen 1,500,,
Buffalo Technology MiniStation Extreme,,Portable,USB Type-A 3.2 Gen 1,1000,,
Buffalo Technology MiniStation Extreme,,Portable,USB Type-A 3.2 Gen 1,1000,,
Buffalo Technology MiniStation Extreme,,Portable,USB Type-A 3.2 Gen 1,1000,,
Buffalo Technology MiniStation,,Portable,USB Type-A 3.2 Gen 1,500,,
Buffalo Technology MiniStation,,Portable,USB Type-A 3.2 Gen 1,2000,,
ADATA DashDrive,,Portable,USB Type-A 3.2 Gen 1,1000,,
